policy,rush,minute,gather_queue,assembly_queue,dispatch_queue,delivered,base1_on_time,base2_on_time,base3_on_time,rush_on_time,mean_energy,lowest_energy
early,12,1,29,12,6,1,1,0,0,0,74,74
early,12,2,27,13,5,3,3,0,0,0,73,73
early,12,3,26,13,4,5,5,0,0,0,72,72
early,12,4,24,14,3,7,7,0,0,0,71,71
early,12,5,23,13,3,9,9,0,0,0,70,70
early,12,6,21,14,3,10,10,0,0,0,69,69
early,12,7,20,14,2,12,12,0,0,0,68.1,68
early,12,8,19,13,2,14,14,0,0,0,67.1,67
early,12,9,18,14,0,16,16,0,0,0,66.6,66
early,12,10,17,15,0,16,16,0,0,0,66.2,65
early,12,11,16,16,0,16,16,0,0,0,65.9,64
early,12,12,15,17,0,16,16,0,0,0,65.6,63
early,12,13,26,18,0,16,16,0,0,0,65.2,62
early,12,14,25,18,1,16,16,0,0,0,64.7,61
early,12,15,24,18,1,17,16,1,0,0,63.7,60
early,12,16,23,17,2,18,16,2,0,0,62.7,59
early,12,17,22,16,2,20,16,4,0,0,61.7,58
early,12,18,21,16,1,22,16,6,0,0,60.7,57
early,12,19,20,15,2,23,16,7,0,0,59.8,56
early,12,20,19,15,2,24,16,8,0,0,58.8,55
early,12,21,17,15,2,26,16,10,0,0,57.8,54
early,12,22,16,14,3,27,16,11,0,0,56.8,53
early,12,23,14,15,3,28,16,12,0,0,55.8,52
early,12,24,13,14,4,29,16,13,0,0,54.8,51
early,12,25,11,15,4,30,16,14,0,0,53.8,50
early,12,26,10,14,4,32,16,16,0,0,52.8,49
early,12,27,8,14,5,33,16,16,0,1,51.8,48
early,12,28,7,14,5,34,16,16,0,2,50.8,47
early,12,29,5,14,6,35,16,16,0,3,49.8,46
early,12,30,4,14,6,36,16,16,0,4,48.8,45
early,12,31,2,14,6,38,16,16,0,6,47.8,44
early,12,32,1,13,7,39,16,16,0,7,46.8,43
early,12,33,0,13,7,40,16,16,0,8,45.8,42
early,12,34,0,11,8,41,16,16,0,9,45.1,42
early,12,35,0,10,7,43,16,16,0,11,44.3,42
early,12,36,0,8,7,45,16,16,1,12,43.6,41
early,12,37,0,6,7,47,16,16,3,12,42.8,40
early,12,38,0,5,7,48,16,16,4,12,42,39
early,12,39,0,3,7,50,16,16,6,12,41.2,38
early,12,40,0,2,6,52,16,16,8,12,40.4,37
early,12,41,0,0,6,54,16,16,10,12,39.7,36
early,12,42,0,0,5,55,16,16,11,12,39.3,36
early,12,43,0,0,3,57,16,16,13,12,39,36
early,12,44,0,0,2,58,16,16,14,12,38.7,36
early,12,45,0,0,0,60,16,16,16,12,38.3,35
prepared,12,1,29,12,6,1,1,0,0,0,74,74
prepared,12,2,27,13,5,3,3,0,0,0,73,73
prepared,12,3,26,13,4,5,5,0,0,0,72,72
prepared,12,4,24,14,3,7,7,0,0,0,71,71
prepared,12,5,23,13,3,9,9,0,0,0,70,70
prepared,12,6,21,14,3,10,10,0,0,0,69,69
prepared,12,7,20,14,2,12,12,0,0,0,68.2,68
prepared,12,8,19,14,1,14,14,0,0,0,67.3,67
prepared,12,9,18,15,0,15,15,0,0,0,66.7,66
prepared,12,10,17,16,0,15,15,0,0,0,66.3,65
prepared,12,11,16,17,0,15,15,0,0,0,66,64
prepared,12,12,15,18,0,15,15,0,0,0,65.7,63
prepared,12,13,26,18,1,15,15,0,0,0,65.1,62
prepared,12,14,25,17,2,16,16,0,0,0,64.1,61
prepared,12,15,24,17,1,18,16,2,0,0,63.1,60
prepared,12,16,23,16,2,19,16,3,0,0,62.1,59
prepared,12,17,22,16,1,21,16,5,0,0,61.1,58
prepared,12,18,21,15,2,22,16,6,0,0,60.1,57
prepared,12,19,20,14,2,24,16,8,0,0,59.2,56
prepared,12,20,19,14,2,25,16,9,0,0,58.2,55
prepared,12,21,17,14,3,26,16,10,0,0,57.2,54
prepared,12,22,16,14,3,27,16,11,0,0,56.2,53
prepared,12,23,14,14,4,28,16,12,0,0,55.2,52
prepared,12,24,13,13,4,30,16,14,0,0,54.2,51
prepared,12,25,11,14,4,31,16,15,0,0,53.2,50
prepared,12,26,10,13,5,32,16,16,0,0,52.2,49
prepared,12,27,8,14,5,33,16,16,0,1,51.2,48
prepared,12,28,7,13,6,34,16,16,0,2,50.2,47
prepared,12,29,5,13,6,36,16,16,0,4,49.2,46
prepared,12,30,4,13,6,37,16,16,0,5,48.2,45
prepared,12,31,2,13,7,38,16,16,0,6,47.2,44
prepared,12,32,1,13,7,39,16,16,0,7,46.2,43
prepared,12,33,0,12,8,40,16,16,0,8,45.2,42
prepared,12,34,0,10,8,42,16,16,0,10,44.6,42
prepared,12,35,0,9,8,43,16,16,0,11,43.8,42
prepared,12,36,0,7,8,45,16,16,1,12,43,42
prepared,12,37,0,6,7,47,16,16,3,12,42.2,41
prepared,12,38,0,4,7,49,16,16,5,12,41.4,40
prepared,12,39,0,2,7,51,16,16,7,12,40.7,39
prepared,12,40,0,1,7,52,16,16,8,12,39.9,38
prepared,12,41,0,0,6,54,16,16,10,12,39.1,37
prepared,12,42,0,0,5,55,16,16,11,12,38.8,37
prepared,12,43,0,0,3,57,16,16,13,12,38.4,36
prepared,12,44,0,0,2,58,16,16,14,12,38.1,35
prepared,12,45,0,0,0,60,16,16,16,12,37.8,34
bypass,12,1,29,12,6,1,1,0,0,0,74,74
bypass,12,2,27,13,5,3,3,0,0,0,73,73
bypass,12,3,26,13,4,5,5,0,0,0,72,72
bypass,12,4,24,14,3,7,7,0,0,0,71,71
bypass,12,5,23,13,3,9,9,0,0,0,70,70
bypass,12,6,21,14,3,10,10,0,0,0,69,69
bypass,12,7,20,14,2,12,12,0,0,0,68.1,68
bypass,12,8,19,13,2,14,14,0,0,0,67.1,67
bypass,12,9,18,14,0,16,16,0,0,0,66.1,65
bypass,12,10,17,15,0,16,16,0,0,0,65.4,63
bypass,12,11,16,15,1,16,16,0,0,0,64.8,61
bypass,12,12,15,16,0,17,16,1,0,0,64.2,61
bypass,12,13,26,17,0,17,16,1,0,0,63.9,60
bypass,12,14,25,18,0,17,16,1,0,0,63.6,59
bypass,12,15,24,19,0,17,16,1,0,0,63.2,58
bypass,12,16,23,20,0,17,16,1,0,0,62.9,57
bypass,12,17,22,20,1,17,16,1,0,0,62.3,57
bypass,12,18,21,19,2,18,16,2,0,0,61.3,56
bypass,12,19,20,19,1,20,16,4,0,0,60.4,55
bypass,12,20,19,18,2,21,16,5,0,0,59.4,54
bypass,12,21,17,19,2,22,16,6,0,0,58.4,53
bypass,12,22,16,18,3,23,16,7,0,0,57.4,52
bypass,12,23,14,18,4,24,16,8,0,0,56.4,51
bypass,12,24,13,18,3,26,16,10,0,0,55.4,50
bypass,12,25,11,18,4,27,16,11,0,0,54.4,49
bypass,12,26,10,18,4,28,16,12,0,0,53.4,48
bypass,12,27,8,18,5,29,16,13,0,0,52.4,47
bypass,12,28,7,17,6,30,16,14,0,0,51.4,46
bypass,12,29,5,18,5,32,16,16,0,0,50.4,45
bypass,12,30,4,17,6,33,16,16,0,1,49.4,44
bypass,12,31,2,18,6,34,16,16,0,2,48.4,43
bypass,12,32,1,17,7,35,16,16,0,3,47.4,42
bypass,12,33,0,16,8,36,16,16,0,4,46.4,41
bypass,12,34,0,15,7,38,16,16,0,6,45.8,40
bypass,12,35,0,13,8,39,16,16,0,7,45,39
bypass,12,36,0,12,7,41,16,16,0,9,44.2,38
bypass,12,37,0,10,7,43,16,16,0,11,43.4,37
bypass,12,38,0,9,6,45,16,16,1,12,42.7,36
bypass,12,39,0,7,6,47,16,16,3,12,41.9,35
bypass,12,40,0,6,6,48,16,16,4,12,41.1,34
bypass,12,41,0,4,6,50,16,16,6,12,40.3,33
bypass,12,42,0,3,5,52,16,16,8,12,39.6,32
bypass,12,43,0,2,4,54,16,16,10,12,38.8,31
bypass,12,44,0,0,5,55,16,16,11,12,38,30
bypass,12,45,0,0,3,57,16,16,13,12,37.7,30
bypass,6,1,29,12,6,1,1,0,0,0,74,74
bypass,6,2,27,13,5,3,3,0,0,0,73,73
bypass,6,3,26,13,4,5,5,0,0,0,72,72
bypass,6,4,24,14,3,7,7,0,0,0,71,71
bypass,6,5,23,13,3,9,9,0,0,0,70,70
bypass,6,6,21,14,3,10,10,0,0,0,69,69
bypass,6,7,20,14,2,12,12,0,0,0,68.1,68
bypass,6,8,19,13,2,14,14,0,0,0,67.1,67
bypass,6,9,18,14,0,16,16,0,0,0,66.1,65
bypass,6,10,17,15,0,16,16,0,0,0,65.4,63
bypass,6,11,16,15,1,16,16,0,0,0,64.8,61
bypass,6,12,15,16,0,17,16,1,0,0,64.2,61
bypass,6,13,20,17,0,17,16,1,0,0,63.9,60
bypass,6,14,19,18,0,17,16,1,0,0,63.6,59
bypass,6,15,18,19,0,17,16,1,0,0,63.2,58
bypass,6,16,17,20,0,17,16,1,0,0,62.9,57
bypass,6,17,16,20,1,17,16,1,0,0,62.3,57
bypass,6,18,15,19,2,18,16,2,0,0,61.3,56
bypass,6,19,14,19,1,20,16,4,0,0,60.4,55
bypass,6,20,13,18,2,21,16,5,0,0,59.4,54
bypass,6,21,11,19,2,22,16,6,0,0,58.4,53
bypass,6,22,10,18,3,23,16,7,0,0,57.4,52
bypass,6,23,8,18,4,24,16,8,0,0,56.4,51
bypass,6,24,7,18,3,26,16,10,0,0,55.4,50
bypass,6,25,5,18,4,27,16,11,0,0,54.4,49
bypass,6,26,4,18,4,28,16,12,0,0,53.4,48
bypass,6,27,2,18,5,29,16,13,0,0,52.4,47
bypass,6,28,1,17,6,30,16,14,0,0,51.4,46
bypass,6,29,0,17,5,32,16,16,0,0,50.4,45
bypass,6,30,0,15,6,33,16,16,0,1,49.8,44
bypass,6,31,0,14,6,34,16,16,0,2,49.1,43
bypass,6,32,0,12,7,35,16,16,0,3,48.4,42
bypass,6,33,0,10,8,36,16,16,0,4,47.8,41
bypass,6,34,0,9,7,38,16,16,0,6,47.1,40
bypass,6,35,0,7,8,39,16,16,1,6,46.3,39
bypass,6,36,0,6,7,41,16,16,3,6,45.6,38
bypass,6,37,0,4,7,43,16,16,5,6,44.8,37
bypass,6,38,0,3,6,45,16,16,7,6,44,36
bypass,6,39,0,1,6,47,16,16,9,6,43.2,35
bypass,6,40,0,0,6,48,16,16,10,6,42.4,34
bypass,6,41,0,0,4,50,16,16,12,6,42.1,34
bypass,6,42,0,0,2,52,16,16,14,6,41.8,34
bypass,6,43,0,0,0,54,16,16,16,6,41.4,34
bypass,6,44,0,0,0,54,16,16,16,6,41.4,34
bypass,6,45,0,0,0,54,16,16,16,6,41.4,34
idle,12,1,29,12,6,1,1,0,0,0,74,74
idle,12,2,27,13,5,3,3,0,0,0,73,73
idle,12,3,26,13,4,5,5,0,0,0,72,72
idle,12,4,24,14,3,7,7,0,0,0,71,71
idle,12,5,23,13,3,9,9,0,0,0,70,70
idle,12,6,21,14,3,10,10,0,0,0,69,69
idle,12,7,20,14,2,12,12,0,0,0,68,68
idle,12,8,18,15,1,14,14,0,0,0,67,67
idle,12,9,17,16,0,15,15,0,0,0,66.3,66
idle,12,10,15,18,0,15,15,0,0,0,66,65
idle,12,11,14,19,0,15,15,0,0,0,65.7,64
idle,12,12,12,21,0,15,15,0,0,0,65.3,63
idle,12,13,23,22,0,15,15,0,0,0,65,62
idle,12,14,21,24,0,15,15,0,0,0,64.7,61
idle,12,15,20,25,0,15,15,0,0,0,64.3,60
idle,12,16,18,27,0,15,15,0,0,0,64,59
idle,12,17,17,28,0,15,15,0,0,0,63.7,58
idle,12,18,15,30,0,15,15,0,0,0,63.3,57
idle,12,19,14,31,0,15,15,0,0,0,63,56
idle,12,20,12,33,0,15,15,0,0,0,62.7,55
idle,12,21,11,34,0,15,15,0,0,0,62.3,54
idle,12,22,9,36,0,15,15,0,0,0,62,53
idle,12,23,8,37,0,15,15,0,0,0,61.7,52
idle,12,24,6,39,0,15,15,0,0,0,61.3,51
idle,12,25,5,40,0,15,15,0,0,0,61,50
idle,12,26,3,42,0,15,15,0,0,0,60.7,49
idle,12,27,2,43,0,15,15,0,0,0,60.3,48
idle,12,28,0,45,0,15,15,0,0,0,60,47
idle,12,29,0,45,0,15,15,0,0,0,60,47
idle,12,30,0,45,0,15,15,0,0,0,60,47
idle,12,31,0,45,0,15,15,0,0,0,60,47
idle,12,32,0,45,0,15,15,0,0,0,60,47
idle,12,33,0,45,0,15,15,0,0,0,60,47
idle,12,34,0,45,0,15,15,0,0,0,60,47
idle,12,35,0,45,0,15,15,0,0,0,60,47
idle,12,36,0,45,0,15,15,0,0,0,60,47
idle,12,37,0,45,0,15,15,0,0,0,60,47
idle,12,38,0,45,0,15,15,0,0,0,60,47
idle,12,39,0,45,0,15,15,0,0,0,60,47
idle,12,40,0,45,0,15,15,0,0,0,60,47
idle,12,41,0,45,0,15,15,0,0,0,60,47
idle,12,42,0,45,0,15,15,0,0,0,60,47
idle,12,43,0,45,0,15,15,0,0,0,60,47
idle,12,44,0,45,0,15,15,0,0,0,60,47
idle,12,45,0,45,0,15,15,0,0,0,60,47
rest,12,1,29,12,6,1,1,0,0,0,74,74
rest,12,2,27,13,5,3,3,0,0,0,73,73
rest,12,3,26,13,4,5,5,0,0,0,72,72
rest,12,4,24,14,3,7,7,0,0,0,71,71
rest,12,5,23,13,3,9,9,0,0,0,70,70
rest,12,6,21,14,3,10,10,0,0,0,69,69
rest,12,7,20,14,2,12,12,0,0,0,68.1,68
rest,12,8,19,13,2,14,14,0,0,0,67.1,67
rest,12,9,18,14,0,16,16,0,0,0,66.6,66
rest,12,10,17,15,0,16,16,0,0,0,66.2,65
rest,12,11,16,16,0,16,16,0,0,0,65.9,64
rest,12,12,15,17,0,16,16,0,0,0,65.6,63
rest,12,13,26,18,0,16,16,0,0,0,65.2,62
rest,12,14,25,18,1,16,16,0,0,0,64.7,61
rest,12,15,24,18,1,17,16,1,0,0,63.7,60
rest,12,16,23,17,2,18,16,2,0,0,62.7,59
rest,12,17,22,16,2,20,16,4,0,0,61.7,58
rest,12,18,21,16,1,22,16,6,0,0,60.7,57
rest,12,19,20,15,2,23,16,7,0,0,59.8,56
rest,12,20,19,15,2,24,16,8,0,0,58.8,55
rest,12,21,17,15,2,26,16,10,0,0,57.8,54
rest,12,22,16,14,3,27,16,11,0,0,56.8,53
rest,12,23,14,15,3,28,16,12,0,0,55.8,52
rest,12,24,13,14,4,29,16,13,0,0,54.8,51
rest,12,25,11,15,4,30,16,14,0,0,53.8,50
rest,12,26,10,14,4,32,16,16,0,0,52.8,49
rest,12,27,8,14,5,33,16,16,0,1,51.8,48
rest,12,28,7,14,5,34,16,16,0,2,50.8,47
rest,12,29,5,14,6,35,16,16,0,3,49.8,46
rest,12,30,4,14,6,36,16,16,0,4,48.8,45
rest,12,31,2,14,6,38,16,16,0,6,47.8,44
rest,12,32,1,13,7,39,16,16,0,7,46.8,43
rest,12,33,0,13,7,40,16,16,0,8,45.8,42
rest,12,34,0,11,8,41,16,16,0,9,45.1,42
rest,12,35,0,10,7,43,16,16,0,11,45.2,42
rest,12,36,0,8,7,45,16,16,1,12,45.3,41
rest,12,37,0,6,7,47,16,16,3,12,45.4,40
rest,12,38,0,5,7,48,16,16,4,12,45.6,39
rest,12,39,0,3,7,50,16,16,6,12,45.7,38
rest,12,40,0,2,6,52,16,16,8,12,45.8,37
rest,12,41,0,0,6,54,16,16,10,12,45.9,36
rest,12,42,0,0,5,55,16,16,11,12,46.4,36
rest,12,43,0,0,3,57,16,16,13,12,47,36
rest,12,44,0,0,2,58,16,16,14,12,49.3,36
rest,12,45,0,0,0,60,16,16,16,12,51.7,35
